Feature,Coefficient
message_frequency,3.764324174468101
positive_ratio,0.725767196142438
avg_sentiment_score,0.27277888339445094
negative_ratio,-0.24882623074294688
avg_word_count,-0.09029827578096504
avg_message_length,-0.06585733236614133
