Metric,Training,Testing
R² Score,0.9029796335637286,0.8578779094927749
RMSE,1.2915996762113469,1.2921640080575805
MAE,0.9754112779064448,0.9618535173294472
